Date,Contributions
2026-08-07,2
2026-08-08,0
2026-08-09,0
2026-08-10,0
2026-08-11,3
2026-08-12,0
2026-08-13,1
2026-08-14,0
2026-08-15,0
2026-08-16,1
2026-08-17,3
2026-08-18,0
2026-08-19,1
2026-08-20,0
2026-08-21,0
2026-08-22,0
2026-08-23,2
2026-08-24,1
2026-08-25,4
2026-08-26,5
2026-08-27,0
2026-08-28,10
2026-08-29,4
2026-08-30,2
2026-08-31,3
2026-09-01,0
2026-09-02,2
2026-09-03,6
2026-09-04,0
2026-09-05,1
2026-09-06,4
2026-09-07,0
2026-09-08,2
2026-09-09,3
2026-09-10,1
2026-09-11,0
2026-09-12,2
2026-09-13,3
2026-09-14,3
2026-09-15,2
2026-09-16,4
2026-09-17,0
2026-09-18,2
2026-09-19,6
2026-09-20,14
2026-09-21,11
2026-09-22,10
2026-09-23,4
2026-09-24,4
2026-09-25,10
2026-09-26,1
2026-09-27,3
2026-09-28,8
2026-09-29,3
2026-09-30,13
2026-10-01,5
2026-10-02,4
2026-10-03,6
2026-10-04,2
2026-10-05,2
2026-10-06,0
2026-10-07,0
2026-10-08,0
2026-10-09,0
2026-10-10,0
