Date,Contributions
2025-12-28,0
2025-12-29,0
2025-12-30,0
2025-12-31,0
2026-01-01,0
2026-01-02,0
2026-01-03,0
2026-01-04,0
2026-01-05,0
2026-01-06,0
2026-01-07,0
2026-01-08,0
2026-01-09,2
2026-01-10,0
2026-01-11,0
2026-01-12,0
2026-01-13,0
2026-01-14,0
2026-01-15,0
2026-01-16,0
2026-01-17,0
2026-01-18,0
2026-01-19,0
2026-01-20,0
2026-01-21,0
2026-01-22,0
2026-01-23,2
2026-01-24,2
2026-01-25,0
2026-01-26,0
2026-01-27,0
2026-01-28,0
2026-01-29,2
2026-01-30,33
2026-01-31,2
2026-02-01,0
2026-02-02,0
2026-02-03,0
2026-02-04,2
2026-02-05,1
2026-02-06,0
2026-02-07,8
2026-02-08,3
2026-02-09,0
2026-02-10,0
2026-02-11,0
2026-02-12,0
2026-02-13,0
2026-02-14,1
2026-02-15,10
2026-02-16,5
2026-02-17,6
2026-02-18,0
2026-02-19,0
2026-02-20,0
2026-02-21,0
2026-02-22,0
2026-02-23,0
2026-02-24,0
2026-02-25,0
2026-02-26,0
2026-02-27,0
2026-02-28,0
2026-03-01,0
2026-03-02,0
